feature,importance
x1_Cytokines_Cortisol_Obs_Conc_ng/mL_GG21.1_ML,0.7538522734413956
x0_LC_Symptom_sweats_ML_3,0.6406067494200061
x1_Flow_Cyt_CD4IL4pofCD4_ML,0.6037208198250805
x0_LC_Symptom_mmpain_cramp_ML_8,0.5480636524862625
x0_LC_Symptom_indig_reflux_ML_7,0.5398949214088672
x0_Vac_Num_at_Draw,0.5359953658426636
x0_LC_Symptom_chestpain_ML_6,0.5009573533348388
x0_LC_Symptom_dyspnea_ML_5,0.4998957737229487
x0_LC_Symptom_sleep_ML_2,0.497890292509163
x0_LC_Symptom_weakness_ML_8,0.49023363029878636
x0_LC_Symptom_memory_ML_2,0.4831104385508485
x0_PMH_none,0.46656133303476416
x0_LC_Symptom_jtpain_swell_ML_8,0.4621842416499826
x1_Flow_Cyt_CD66bTotalNeutMFInonnorm,0.39580860477579655
x0_LC_Symptom_vision_ML_2,0.38901780081665177
