{
  "accuracy_mean": 0.9173893883306891,
  "accuracy_std": 0.04558694689923739,
  "recall_mean": 0.311111111111111,
  "recall_std": 0.34109732022492234,
  "f1_mean": 0.15864413364413363,
  "f1_std": 0.15311972797998263,
  "avg_precision_mean": 0.20810738499603926,
  "avg_precision_std": 0.17800571994253056,
  "roc_auc_mean": 0.683286252354049,
  "roc_auc_std": 0.18643509193577149
}