feature,importance
x1_Cytokines_Cortisol_Obs_Conc_ng/mL_GG21.1_ML,0.2695126143801751
x1_Flow_Cyt_CD66bCD16hiNeutMFInonnorm,0.12331347418932315
x1_Flow_Cyt_CD66bTotalNeutMFInonnorm,0.08812550665724182
x1_Flow_Cyt_CD66bEosMFInonnorm,0.08562357925186877
x0_LC_Symptom_weakness_ML_8,0.048645758149612174
x0_Vac_Num_at_Draw,0.03767098489832235
x0_LC_Symptom_jtpain_swell_ML_8,0.03306827032055015
x0_LC_Symptom_pins_need_ML_2,0.029568781827618247
x0_LC_Symptom_mood_ML_2,0.029006438397036677
x0_LC_Symptom_confusion_ML_2,0.02887276177188175
x0_LC_Symptom_chestpain_ML_6,0.02833704234761722
x0_LC_Symptom_sleep_ML_2,0.026530353208127962
x0_LC_Symptom_sweats_ML_3,0.024619232591249072
x0_LC_Symptom_indig_reflux_ML_7,0.023116729985263346
x0_LC_Symptom_dyspnea_ML_5,0.022010932220996673
