feature,importance
x1_Cytokines_Cortisol_Obs_Conc_ng/mL_GG21.1_ML,0.22573232687941752
x1_Flow_Cyt_CD66bCD16hiNeutMFInonnorm,0.11896447914608853
x1_Flow_Cyt_CD66bTotalNeutMFInonnorm,0.11576663197174313
x1_Flow_Cyt_CD66bEosMFInonnorm,0.08029322149951049
x0_Vac_Num_at_Draw,0.04702424481598878
x0_LC_Symptom_weakness_ML_8,0.043053895285847674
x0_LC_Symptom_pins_need_ML_2,0.0324158098532063
x0_LC_Symptom_jtpain_swell_ML_8,0.029666794917253214
x0_LC_Symptom_sleep_ML_2,0.02923165592932604
x0_LC_Symptom_mood_ML_2,0.028683547962096396
x0_LC_Symptom_dyspnea_ML_5,0.02733560409749005
x0_LC_Symptom_chestpain_ML_6,0.027315030298619442
x0_LC_Symptom_sweats_ML_3,0.025943588498471813
x0_LC_Symptom_mmpain_cramp_ML_8,0.02584404191541355
x1_Flow_Cyt_CD4IL4pofCD4_ML,0.025353762360455175
x0_LC_Symptom_confusion_ML_2,0.024663271452348264
x0_PMH_none,0.022720696022714346
x0_LC_Symptom_indig_reflux_ML_7,0.021422754244971667
x0_LC_Symptom_headache_ML_2,0.01917610871029227
x0_LC_Symptom_memory_ML_2,0.01670886044716558
x0_LC_Symptom_vision_ML_2,0.012683673691579828
